Age,Percentage of Players,Total Count
06 - 10,0.038461538461538464,33
10 - 14,0.04428904428904429,38
15 - 19,0.16783216783216784,144
20 - 24,0.43356643356643354,372
25 - 29,0.1561771561771562,134
30 - 34,0.08275058275058275,71
35 - 39,0.055944055944055944,48
40+,0.0034965034965034965,3
