Gender,Percentage of Players,Total Count
Male,81.23543123543124,697
Female,17.365967365967364,149
Other / Non-Disclosed,1.3986013986013985,12
